-- phpMyAdmin SQL Dump
-- version 5.2.1
-- https://www.phpmyadmin.net/
--
-- Host: 127.0.0.1:3307
-- Generation Time: Apr 28, 2025 at 09:09 PM
-- Server version: 10.4.32-MariaDB
-- PHP Version: 8.2.12

SET SQL_MODE = "NO_AUTO_VALUE_ON_ZERO";
START TRANSACTION;
SET time_zone = "+00:00";


/*!40101 SET @OLD_CHARACTER_SET_CLIENT=@@CHARACTER_SET_CLIENT */;
/*!40101 SET @OLD_CHARACTER_SET_RESULTS=@@CHARACTER_SET_RESULTS */;
/*!40101 SET @OLD_COLLATION_CONNECTION=@@COLLATION_CONNECTION */;
/*!40101 SET NAMES utf8mb4 */;

--
-- Database: `hotel_database`
--

-- --------------------------------------------------------

--
-- Table structure for table `archived_bookings`
--

CREATE TABLE `archived_bookings` (
  `archived_booking_id` int(11) NOT NULL,
  `booking_id` int(11) DEFAULT NULL,
  `first_name` varchar(255) DEFAULT NULL,
  `last_name` varchar(255) DEFAULT NULL,
  `room_name` varchar(255) DEFAULT NULL,
  `check_in` date DEFAULT NULL,
  `check_out` date DEFAULT NULL,
  `guests` int(11) DEFAULT NULL,
  `num_rooms` int(11) DEFAULT NULL,
  `status` varchar(255) DEFAULT NULL,
  `proof_of_payment` varchar(255) DEFAULT NULL,
  `archived_at` timestamp NOT NULL DEFAULT current_timestamp(),
  `user_id` int(11) DEFAULT NULL,
  `room_id` int(11) DEFAULT NULL,
  `extra_mattress` tinyint(1) DEFAULT NULL,
  `extra_pillow` tinyint(1) DEFAULT NULL,
  `extra_towel` tinyint(1) DEFAULT NULL,
  `total_amount` decimal(10,2) DEFAULT NULL,
  `room_number_id` int(12) DEFAULT NULL
) ENGINE=InnoDB DEFAULT CHARSET=utf8mb4 COLLATE=utf8mb4_general_ci;

--
-- Dumping data for table `archived_bookings`
--

INSERT INTO `archived_bookings` (`archived_booking_id`, `booking_id`, `first_name`, `last_name`, `room_name`, `check_in`, `check_out`, `guests`, `num_rooms`, `status`, `proof_of_payment`, `archived_at`, `user_id`, `room_id`, `extra_mattress`, `extra_pillow`, `extra_towel`, `total_amount`, `room_number_id`) VALUES
(36, 23, 'Rafael', 'Magtanong', 'Luxury Suite', '2025-05-01', '2025-05-10', 2, 1, 'Declined', '1_ChatGPT Image Apr 11, 2025, 12_50_36 PM.png', '2025-04-28 05:27:24', 3, 1, 0, 0, 0, 27000.00, 1),
(37, 24, 'Rafael', 'Magtanong', 'Luxury Suite', '2025-04-30', '2025-05-06', 1, 1, 'Declined', '1_ChatGPT Image Apr 11, 2025, 12_50_36 PM.png', '2025-04-28 11:40:17', 3, 1, 0, 0, 0, 0.00, NULL),
(38, 25, 'admin', '', 'Luxury Suite', '2025-04-30', '2025-05-02', 1, 1, 'Declined', '1_gcashqr.jpg', '2025-04-28 11:40:27', 13, 1, 1, 1, 1, 0.00, NULL),
(39, 26, 'admin', '', 'Deluxe Room', '2025-05-02', '2025-05-04', 1, 1, 'Confirmed', '2_gcashqr.jpg', '2025-04-28 11:40:46', 13, 2, 0, 0, 0, 4000.00, NULL),
(40, 27, 'admin', '', 'Luxury Suite', '2025-04-30', '2025-05-03', 1, 1, 'Confirmed', '1_gcashqr.jpg', '2025-04-28 11:43:33', 13, 1, 1, 0, 0, 9000.00, NULL),
(41, 28, 'admin', '', 'Luxury Suite', '2025-04-29', NULL, 1, 1, 'Declined', '1_gcashqr.jpg', '2025-04-28 11:52:11', 13, 1, 1, 1, 1, 3000.00, 1),
(42, 29, 'admin', '', 'Luxury Suite', '2025-04-29', '2025-04-30', 1, 1, 'Declined', NULL, '2025-04-28 12:04:39', 13, 1, 0, 0, 0, 3450.00, 1),
(43, 30, 'admin', '', 'Luxury Suite', '2025-04-30', '2025-05-01', 1, 1, 'Declined', NULL, '2025-04-28 12:04:41', 13, 1, 0, 0, 0, 3300.00, 1),
(44, 31, 'admin', '', 'Luxury Suite', '2025-04-30', '2025-05-01', 1, 1, 'Declined', NULL, '2025-04-28 12:10:42', 13, 1, 0, 0, 0, 3400.00, 1),
(46, 33, 'admin', '', 'Luxury Suite', '2025-04-30', '2025-05-02', 1, 1, 'Declined', 'gcashqr.jpg', '2025-04-28 12:10:49', 13, 1, 0, 0, 0, 6450.00, 2),
(47, 35, 'Rafael', 'Magtanong', 'Luxury Suite', '2025-04-30', '2025-05-02', 1, 1, 'Declined', 'gcashqr.jpg', '2025-04-28 12:19:34', 3, 1, 0, 0, 0, 6000.00, NULL),
(49, 36, 'admin', '', 'Luxury Suite', '2025-05-01', '2025-05-03', 1, 1, 'Declined', 'gcashqr.jpg', '2025-04-28 12:35:49', 13, 1, 0, 0, 0, 6000.00, NULL),
(51, 38, 'admin', '', 'Standard Room', '2025-05-01', '2025-05-11', 1, 1, 'Confirmed', 'ChatGPT_Image_Apr_11_2025_12_50_36_PM.png', '2025-04-28 12:48:47', 13, 3, 0, 0, 0, 17000.00, NULL),
(52, 39, 'admin', '', 'Deluxe Room', '2025-05-01', '2025-05-02', 1, 1, 'Confirmed', 'gcashqr.jpg', '2025-04-28 12:48:52', 13, 2, 0, 0, 0, 2000.00, NULL),
(53, 40, 'Rafael', 'Magtanong', 'Luxury Suite', '2025-04-30', '2025-05-01', 1, 1, 'Confirmed', 'gcashqr.jpg', '2025-04-28 12:49:29', 3, 1, 0, 0, 0, 3000.00, NULL),
(54, 43, 'Rafael', 'Magtanong', 'Deluxe Room', '2025-05-01', '2025-05-02', 1, 1, 'Confirmed', 'proof_of_payment_test.png', '2025-04-28 12:50:55', 3, 2, 0, 0, 0, 2350.00, NULL),
(55, 44, 'Rafael', 'Magtanong', 'Luxury Suite', '2025-04-30', NULL, 1, 1, 'Confirmed', '1_proof of payment test.png', '2025-04-28 12:57:26', 3, 1, 1, 1, 0, 3000.00, 1),
(56, 46, 'Rafael', 'Magtanong', 'Luxury Suite', '2025-04-30', '2025-05-02', 1, 1, 'Confirmed', 'proof_of_payment_test.png', '2025-04-28 13:07:01', 3, 1, 0, 0, 0, 6050.00, 1),
(57, 47, 'admin', '', 'Luxury Suite', '2025-04-30', '2025-05-02', 1, 1, 'Confirmed', 'proof_of_payment_test.png', '2025-04-28 13:15:03', 13, 1, 0, 0, 0, 6000.00, NULL),
(58, 48, 'admin', '', 'Luxury Suite', '2025-04-29', '2025-04-30', 1, 1, 'Confirmed', 'proof_of_payment_test.png', '2025-04-28 13:16:04', 13, 1, 0, 0, 0, 3050.00, 1),
(59, 22, 'Rafael', 'Magtanong', 'Luxury Suite', '2025-04-30', NULL, 1, 1, 'Declined', '1_ChatGPT Image Apr 11, 2025, 12_50_36 PM.png', '2025-04-28 13:20:03', 3, 1, 1, 1, 1, 3000.00, 1),
(61, 55, 'Rafael', 'Magtanong', 'Luxury Suite', '2025-04-29', '2025-04-30', 1, 1, 'Confirmed', 'proof_of_payment_test.png', '2025-04-28 15:16:07', 3, 1, NULL, NULL, NULL, NULL, NULL),
(63, 56, 'admin', '', 'Luxury Suite', '2025-04-30', '2025-05-02', 1, 1, 'Confirmed', 'proof_of_payment_test.png', '2025-04-28 15:52:58', 13, 1, 1, 0, 1, 6400.00, 1),
(66, 59, 'admin', '', 'Luxury Suite', '2025-04-30', '2025-05-03', 1, 1, 'Pending', 'proof_of_payment_test.png', '2025-04-28 16:39:11', 13, 1, 0, 1, 0, 9050.00, NULL),
(67, 58, 'admin', '', 'Luxury Suite', '2025-04-30', '2025-05-01', 1, 1, 'Pending', 'proof_of_payment_test.png', '2025-04-28 16:39:35', 13, 1, 1, 0, 1, 3400.00, NULL),
(68, 32, 'admin', '', 'Luxury Suite', '2025-05-01', '2025-05-03', 1, 1, 'Declined', NULL, '2025-04-28 17:45:50', 13, 1, 0, 0, 0, 6400.00, 3);

-- --------------------------------------------------------

--
-- Table structure for table `booked_room_numbers`
--

CREATE TABLE `booked_room_numbers` (
  `booked_room_number_id` int(11) NOT NULL,
  `booking_id` int(11) DEFAULT NULL,
  `room_number_id` int(11) DEFAULT NULL
) ENGINE=InnoDB DEFAULT CHARSET=utf8mb4 COLLATE=utf8mb4_general_ci;

-- --------------------------------------------------------

--
-- Table structure for table `bookings`
--

CREATE TABLE `bookings` (
  `booking_id` int(11) NOT NULL,
  `user_id` int(11) DEFAULT NULL,
  `room_id` int(11) DEFAULT NULL,
  `check_in` date DEFAULT NULL,
  `check_out` date DEFAULT NULL,
  `guests` int(11) DEFAULT NULL,
  `status` varchar(20) DEFAULT 'Pending',
  `num_rooms` int(11) NOT NULL DEFAULT 1,
  `proof_of_payment` varchar(255) DEFAULT NULL,
  `is_archived` tinyint(1) DEFAULT 0,
  `extra_mattress` tinyint(1) DEFAULT 0,
  `extra_pillow` tinyint(1) DEFAULT 0,
  `extra_towel` tinyint(1) DEFAULT 0,
  `total_amount` decimal(10,2) DEFAULT NULL,
  `room_number_id` int(11) DEFAULT NULL,
  `special_suggestion` text DEFAULT NULL
) ENGINE=InnoDB DEFAULT CHARSET=utf8mb4 COLLATE=utf8mb4_general_ci;

--
-- Dumping data for table `bookings`
--

INSERT INTO `bookings` (`booking_id`, `user_id`, `room_id`, `check_in`, `check_out`, `guests`, `status`, `num_rooms`, `proof_of_payment`, `is_archived`, `extra_mattress`, `extra_pillow`, `extra_towel`, `total_amount`, `room_number_id`, `special_suggestion`) VALUES
(57, 13, 1, '2025-04-30', '2025-05-02', 1, 'Pending', 1, 'proof_of_payment_test.png', 0, 1, 0, 1, 6400.00, NULL, NULL),
(60, 13, 1, '2025-05-01', '2025-05-02', 1, 'Confirmed', 1, 'proof_of_payment_test.png', 0, 0, 0, 1, 3100.00, 4, ''),
(61, 3, 1, '2025-04-30', '2025-05-14', 1, 'Pending', 1, 'proof_of_payment_test.png', 0, 1, 0, 1, 400.00, 5, 'aadasfsgsdfsdfsd f'),
(62, 13, 1, '2025-04-30', '2025-05-04', 1, 'Currently Booked', 1, 'proof_of_payment_test.png', 0, 0, 1, 0, 6050.00, 3, 'aaa');

-- --------------------------------------------------------

--
-- Table structure for table `extra_services`
--

CREATE TABLE `extra_services` (
  `id` int(11) NOT NULL,
  `name` varchar(255) NOT NULL,
  `price` decimal(10,2) NOT NULL
) ENGINE=InnoDB DEFAULT CHARSET=utf8mb4 COLLATE=utf8mb4_general_ci;

--
-- Dumping data for table `extra_services`
--

INSERT INTO `extra_services` (`id`, `name`, `price`) VALUES
(1, 'Extra Mattress', 300.00),
(2, 'Extra Pillow', 50.00),
(3, 'Extra Towel', 100.00);

-- --------------------------------------------------------

--
-- Table structure for table `rooms`
--

CREATE TABLE `rooms` (
  `room_id` int(11) NOT NULL,
  `type` varchar(255) DEFAULT NULL,
  `room_name` varchar(255) NOT NULL,
  `description` text NOT NULL,
  `price` decimal(10,2) NOT NULL,
  `image_url` varchar(255) NOT NULL,
  `room_type` enum('Luxury','Deluxe','Standard') NOT NULL,
  `total_rooms` int(11) DEFAULT 100,
  `date` datetime DEFAULT current_timestamp()
) ENGINE=InnoDB DEFAULT CHARSET=utf8mb4 COLLATE=utf8mb4_general_ci;

--
-- Dumping data for table `rooms`
--

INSERT INTO `rooms` (`room_id`, `type`, `room_name`, `description`, `price`, `image_url`, `room_type`, `total_rooms`, `date`) VALUES
(1, 'Luxury', 'Luxury Suite', 'Experience top-tier luxury with breathtaking views and premium amenities.', 3000.00, 'luxsuite.jpg', 'Luxury', 100, '2025-04-02 22:09:02'),
(2, 'Deluxe', 'Deluxe Room', 'A spacious room with modern decor and comfort for a perfect stay.', 2000.00, 'deluxeroom.jpg', 'Deluxe', 100, '2025-04-02 22:09:02'),
(3, 'Standard', 'Standard Room', 'Cozy and affordable with all the necessary amenities.', 1700.00, 'standardroom.jpg', 'Standard', 100, '2025-04-02 22:09:02');

-- --------------------------------------------------------

--
-- Table structure for table `rooms_archive`
--

CREATE TABLE `rooms_archive` (
  `room_id` int(11) NOT NULL DEFAULT 0,
  `type` varchar(255) DEFAULT NULL,
  `room_name` varchar(255) NOT NULL,
  `description` text NOT NULL,
  `price` decimal(10,2) NOT NULL,
  `image_url` varchar(255) NOT NULL,
  `room_type` enum('Luxury','Deluxe','Standard') NOT NULL,
  `total_rooms` int(11) DEFAULT 100,
  `date` datetime DEFAULT current_timestamp()
) ENGINE=InnoDB DEFAULT CHARSET=utf8mb4 COLLATE=utf8mb4_general_ci;

--
-- Dumping data for table `rooms_archive`
--

INSERT INTO `rooms_archive` (`room_id`, `type`, `room_name`, `description`, `price`, `image_url`, `room_type`, `total_rooms`, `date`) VALUES
(4, 'Luxury', 'Royal Suite', 'The Royal Suite offers a blend of elegance and comfort with a king-sized bed, luxurious furnishings, and stunning views. Perfect for those seeking a sophisticated escape.', 1232.00, 'Royal Suite_r3 (4).jpg', 'Luxury', 100, '2025-04-02 22:31:21'),
(5, 'Luxury', 'Royal Suite', '\"The Royal Suite\" offers a blend of elegance and comfort with a king-sized bed, luxurious furnishings, and stunning views. Perfect for those seeking a sophisticated escape.', 132.00, 'Royal Suite_r3 (4).jpg', 'Luxury', 97, '2025-04-02 22:33:10'),
(6, 'Luxury', 'Royal Suite', 'Experience top-tier luxury with breathtaking views and premium amenities.', 12322.00, 'Royal Suite_r3 (4).jpg', 'Luxury', 100, '2025-04-02 22:37:02'),
(9, 'Luxury', 'Deluxe Room', 'Experience top-tier luxury with breathtaking views and premium amenities.', 12331.00, 'Deluxe Room_Interior_Hotel_Room_033155_.jpg', 'Luxury', 123, '2025-04-03 00:43:59'),
(7, 'Luxury', 'The Grand Suite', 'An elegant and spacious suite with luxurious furnishings, offering a breathtaking view and exceptional comfort. Perfect for a royal stay.', 12000.00, 'The Grand Suite_RR-Standard-2-Queen.jpg', 'Luxury', 96, '2025-04-13 18:34:40'),
(8, 'Standard', 'The Oceanview Suite', 'A stunning suite with panoramic ocean views, featuring modern amenities and a serene atmosphere for the ultimate relaxation.', 19000.00, 'The Oceanview Suite_hqdefault.jpg', 'Standard', 98, '2025-04-13 18:34:42'),
(10, 'Luxury', 'rrr', 't', 1.00, 'rrr_PoWV9v9j.jpg', 'Luxury', 100, '2025-04-22 23:54:25');

-- --------------------------------------------------------

--
-- Table structure for table `room_availability`
--

CREATE TABLE `room_availability` (
  `id` int(11) NOT NULL,
  `room_id` int(11) DEFAULT NULL,
  `date` date DEFAULT NULL,
  `available_rooms` int(11) DEFAULT NULL
) ENGINE=InnoDB DEFAULT CHARSET=utf8mb4 COLLATE=utf8mb4_general_ci;

--
-- Dumping data for table `room_availability`
--

INSERT INTO `room_availability` (`id`, `room_id`, `date`, `available_rooms`) VALUES
(1, 1, '2025-03-30', 100),
(2, 2, '2025-03-30', 100),
(3, 3, '2025-03-30', 100),
(4, 1, '2025-07-08', 100),
(5, 2, '2025-07-08', 100),
(6, 3, '2025-07-08', 100),
(7, 1, '2025-10-16', 100),
(8, 2, '2025-10-16', 100),
(9, 3, '2025-10-16', 100),
(10, 1, '2026-01-24', 100),
(11, 2, '2026-01-24', 100),
(12, 3, '2026-01-24', 100),
(13, 1, '2025-03-31', 100),
(14, 2, '2025-03-31', 100),
(15, 3, '2025-03-31', 100),
(16, 1, '2025-07-09', 100),
(17, 2, '2025-07-09', 100),
(18, 3, '2025-07-09', 100),
(19, 1, '2025-10-17', 100),
(20, 2, '2025-10-17', 100),
(21, 3, '2025-10-17', 100),
(22, 1, '2026-01-25', 100),
(23, 2, '2026-01-25', 100),
(24, 3, '2026-01-25', 100),
(25, 1, '2025-04-01', 68),
(26, 2, '2025-04-01', 100),
(27, 3, '2025-04-01', 98),
(28, 1, '2025-07-10', 100),
(29, 2, '2025-07-10', 100),
(30, 3, '2025-07-10', 100),
(31, 1, '2025-10-18', 100),
(32, 2, '2025-10-18', 100),
(33, 3, '2025-10-18', 100),
(34, 1, '2026-01-26', 100),
(35, 2, '2026-01-26', 100),
(36, 3, '2026-01-26', 100),
(37, 1, '2025-04-02', 68),
(38, 2, '2025-04-02', 100),
(39, 3, '2025-04-02', 98),
(40, 1, '2025-07-11', 100),
(41, 2, '2025-07-11', 100),
(42, 3, '2025-07-11', 100),
(43, 1, '2025-10-19', 100),
(44, 2, '2025-10-19', 100),
(45, 3, '2025-10-19', 100),
(46, 1, '2026-01-27', 100),
(47, 2, '2026-01-27', 100),
(48, 3, '2026-01-27', 100),
(49, 1, '2025-04-03', 68),
(50, 2, '2025-04-03', 100),
(51, 3, '2025-04-03', 98),
(52, 1, '2025-07-12', 100),
(53, 2, '2025-07-12', 100),
(54, 3, '2025-07-12', 100),
(55, 1, '2025-10-20', 100),
(56, 2, '2025-10-20', 100),
(57, 3, '2025-10-20', 100),
(58, 1, '2026-01-28', 100),
(59, 2, '2026-01-28', 100),
(60, 3, '2026-01-28', 100),
(61, 1, '2025-04-04', 35),
(62, 2, '2025-04-04', 100),
(63, 3, '2025-04-04', 98),
(64, 1, '2025-07-13', 100),
(65, 2, '2025-07-13', 100),
(66, 3, '2025-07-13', 100),
(67, 1, '2025-10-21', 100),
(68, 2, '2025-10-21', 100),
(69, 3, '2025-10-21', 100),
(70, 1, '2026-01-29', 100),
(71, 2, '2026-01-29', 100),
(72, 3, '2026-01-29', 100),
(73, 1, '2025-04-05', 6),
(74, 2, '2025-04-05', 97),
(75, 3, '2025-04-05', 97),
(76, 1, '2025-07-14', 100),
(77, 2, '2025-07-14', 100),
(78, 3, '2025-07-14', 100),
(79, 1, '2025-10-22', 100),
(80, 2, '2025-10-22', 100),
(81, 3, '2025-10-22', 100),
(82, 1, '2026-01-30', 100),
(83, 2, '2026-01-30', 100),
(84, 3, '2026-01-30', 100),
(85, 1, '2025-04-06', 24),
(86, 2, '2025-04-06', 97),
(87, 3, '2025-04-06', 97),
(88, 1, '2025-07-15', 100),
(89, 2, '2025-07-15', 100),
(90, 3, '2025-07-15', 100),
(91, 1, '2025-10-23', 100),
(92, 2, '2025-10-23', 100),
(93, 3, '2025-10-23', 100),
(94, 1, '2026-01-31', 100),
(95, 2, '2026-01-31', 100),
(96, 3, '2026-01-31', 100),
(97, 1, '2025-04-07', 35),
(98, 2, '2025-04-07', 97),
(99, 3, '2025-04-07', 97),
(100, 1, '2025-07-16', 100),
(101, 2, '2025-07-16', 100),
(102, 3, '2025-07-16', 100),
(103, 1, '2025-10-24', 100),
(104, 2, '2025-10-24', 100),
(105, 3, '2025-10-24', 100),
(106, 1, '2026-02-01', 100),
(107, 2, '2026-02-01', 100),
(108, 3, '2026-02-01', 100),
(109, 1, '2025-04-08', 35),
(110, 2, '2025-04-08', 97),
(111, 3, '2025-04-08', 97),
(112, 1, '2025-07-17', 100),
(113, 2, '2025-07-17', 100),
(114, 3, '2025-07-17', 100),
(115, 1, '2025-10-25', 100),
(116, 2, '2025-10-25', 100),
(117, 3, '2025-10-25', 100),
(118, 1, '2026-02-02', 100),
(119, 2, '2026-02-02', 100),
(120, 3, '2026-02-02', 100),
(121, 1, '2025-04-09', 35),
(122, 2, '2025-04-09', 97),
(123, 3, '2025-04-09', 98),
(124, 1, '2025-07-18', 100),
(125, 2, '2025-07-18', 100),
(126, 3, '2025-07-18', 100),
(127, 1, '2025-10-26', 100),
(128, 2, '2025-10-26', 100),
(129, 3, '2025-10-26', 100),
(130, 1, '2026-02-03', 100),
(131, 2, '2026-02-03', 100),
(132, 3, '2026-02-03', 100),
(133, 1, '2025-04-10', 35),
(134, 2, '2025-04-10', 97),
(135, 3, '2025-04-10', 98),
(136, 1, '2025-07-19', 100),
(137, 2, '2025-07-19', 100),
(138, 3, '2025-07-19', 100),
(139, 1, '2025-10-27', 100),
(140, 2, '2025-10-27', 100),
(141, 3, '2025-10-27', 100),
(142, 1, '2026-02-04', 100),
(143, 2, '2026-02-04', 100),
(144, 3, '2026-02-04', 100),
(145, 1, '2025-04-11', 33),
(146, 2, '2025-04-11', 97),
(147, 3, '2025-04-11', 98),
(148, 1, '2025-07-20', 100),
(149, 2, '2025-07-20', 100),
(150, 3, '2025-07-20', 100),
(151, 1, '2025-10-28', 100),
(152, 2, '2025-10-28', 100),
(153, 3, '2025-10-28', 100),
(154, 1, '2026-02-05', 100),
(155, 2, '2026-02-05', 100),
(156, 3, '2026-02-05', 100),
(157, 1, '2025-04-12', 24),
(158, 2, '2025-04-12', 96),
(159, 3, '2025-04-12', 98),
(160, 1, '2025-07-21', 100),
(161, 2, '2025-07-21', 100),
(162, 3, '2025-07-21', 100),
(163, 1, '2025-10-29', 100),
(164, 2, '2025-10-29', 100),
(165, 3, '2025-10-29', 100),
(166, 1, '2026-02-06', 100),
(167, 2, '2026-02-06', 100),
(168, 3, '2026-02-06', 100),
(169, 1, '2025-04-13', 31),
(170, 2, '2025-04-13', 98),
(171, 3, '2025-04-13', 98),
(172, 1, '2025-07-22', 100),
(173, 2, '2025-07-22', 100),
(174, 3, '2025-07-22', 100),
(175, 1, '2025-10-30', 100),
(176, 2, '2025-10-30', 100),
(177, 3, '2025-10-30', 100),
(178, 1, '2026-02-07', 100),
(179, 2, '2026-02-07', 100),
(180, 3, '2026-02-07', 100),
(181, 1, '2025-04-14', 32),
(182, 2, '2025-04-14', 98),
(183, 3, '2025-04-14', 98),
(184, 1, '2025-07-23', 100),
(185, 2, '2025-07-23', 100),
(186, 3, '2025-07-23', 100),
(187, 1, '2025-10-31', 100),
(188, 2, '2025-10-31', 100),
(189, 3, '2025-10-31', 100),
(190, 1, '2026-02-08', 100),
(191, 2, '2026-02-08', 100),
(192, 3, '2026-02-08', 100),
(193, 1, '2025-04-15', 37),
(194, 2, '2025-04-15', 98),
(195, 3, '2025-04-15', 98),
(196, 1, '2025-07-24', 100),
(197, 2, '2025-07-24', 100),
(198, 3, '2025-07-24', 100),
(199, 1, '2025-11-01', 100),
(200, 2, '2025-11-01', 100),
(201, 3, '2025-11-01', 100),
(202, 1, '2026-02-09', 100),
(203, 2, '2026-02-09', 100),
(204, 3, '2026-02-09', 100),
(205, 1, '2025-04-16', 37),
(206, 2, '2025-04-16', 75),
(207, 3, '2025-04-16', 99),
(208, 1, '2025-07-25', 100),
(209, 2, '2025-07-25', 100),
(210, 3, '2025-07-25', 100),
(211, 1, '2025-11-02', 100),
(212, 2, '2025-11-02', 100),
(213, 3, '2025-11-02', 100),
(214, 1, '2026-02-10', 100),
(215, 2, '2026-02-10', 100),
(216, 3, '2026-02-10', 100),
(217, 1, '2025-04-17', 68),
(218, 2, '2025-04-17', 75),
(219, 3, '2025-04-17', 76),
(220, 1, '2025-07-26', 100),
(221, 2, '2025-07-26', 100),
(222, 3, '2025-07-26', 100),
(223, 1, '2025-11-03', 100),
(224, 2, '2025-11-03', 100),
(225, 3, '2025-11-03', 100),
(226, 1, '2026-02-11', 100),
(227, 2, '2026-02-11', 100),
(228, 3, '2026-02-11', 100),
(229, 1, '2025-04-18', 67),
(230, 2, '2025-04-18', 75),
(231, 3, '2025-04-18', 75),
(232, 1, '2025-07-27', 100),
(233, 2, '2025-07-27', 100),
(234, 3, '2025-07-27', 100),
(235, 1, '2025-11-04', 100),
(236, 2, '2025-11-04', 100),
(237, 3, '2025-11-04', 100),
(238, 1, '2026-02-12', 100),
(239, 2, '2026-02-12', 100),
(240, 3, '2026-02-12', 100),
(241, 1, '2025-04-19', 68),
(242, 2, '2025-04-19', 75),
(243, 3, '2025-04-19', 75),
(244, 1, '2025-07-28', 100),
(245, 2, '2025-07-28', 100),
(246, 3, '2025-07-28', 100),
(247, 1, '2025-11-05', 100),
(248, 2, '2025-11-05', 100),
(249, 3, '2025-11-05', 100),
(250, 1, '2026-02-13', 100),
(251, 2, '2026-02-13', 100),
(252, 3, '2026-02-13', 100),
(253, 1, '2025-04-20', 72),
(254, 2, '2025-04-20', 99),
(255, 3, '2025-04-20', 75),
(256, 1, '2025-07-29', 100),
(257, 2, '2025-07-29', 100),
(258, 3, '2025-07-29', 100),
(259, 1, '2025-11-06', 100),
(260, 2, '2025-11-06', 100),
(261, 3, '2025-11-06', 100),
(262, 1, '2026-02-14', 100),
(263, 2, '2026-02-14', 100),
(264, 3, '2026-02-14', 100),
(265, 1, '2025-04-21', 72),
(266, 2, '2025-04-21', 99),
(267, 3, '2025-04-21', 75),
(268, 1, '2025-07-30', 100),
(269, 2, '2025-07-30', 100),
(270, 3, '2025-07-30', 100),
(271, 1, '2025-11-07', 100),
(272, 2, '2025-11-07', 100),
(273, 3, '2025-11-07', 100),
(274, 1, '2026-02-15', 100),
(275, 2, '2026-02-15', 100),
(276, 3, '2026-02-15', 100),
(277, 1, '2025-04-22', 70),
(278, 2, '2025-04-22', 99),
(279, 3, '2025-04-22', 75),
(280, 1, '2025-07-31', 100),
(281, 2, '2025-07-31', 99),
(282, 3, '2025-07-31', 100),
(283, 1, '2025-11-08', 100),
(284, 2, '2025-11-08', 100),
(285, 3, '2025-11-08', 100),
(286, 1, '2026-02-16', 100),
(287, 2, '2026-02-16', 100),
(288, 3, '2026-02-16', 100),
(289, 1, '2025-04-23', 69),
(290, 2, '2025-04-23', 99),
(291, 3, '2025-04-23', 75),
(292, 1, '2025-08-01', 100),
(293, 2, '2025-08-01', 99),
(294, 3, '2025-08-01', 100),
(295, 1, '2025-11-09', 100),
(296, 2, '2025-11-09', 100),
(297, 3, '2025-11-09', 100),
(298, 1, '2026-02-17', 100),
(299, 2, '2026-02-17', 100),
(300, 3, '2026-02-17', 100),
(301, 1, '2025-04-24', 69),
(302, 2, '2025-04-24', 99),
(303, 3, '2025-04-24', 74),
(304, 1, '2025-08-02', 100),
(305, 2, '2025-08-02', 99),
(306, 3, '2025-08-02', 100),
(307, 1, '2025-11-10', 100),
(308, 2, '2025-11-10', 100),
(309, 3, '2025-11-10', 100),
(310, 1, '2026-02-18', 100),
(311, 2, '2026-02-18', 100),
(312, 3, '2026-02-18', 100),
(313, 1, '2025-04-25', 60),
(314, 2, '2025-04-25', 99),
(315, 3, '2025-04-25', 73),
(316, 1, '2025-08-03', 100),
(317, 2, '2025-08-03', 99),
(318, 3, '2025-08-03', 100),
(319, 1, '2025-11-11', 100),
(320, 2, '2025-11-11', 100),
(321, 3, '2025-11-11', 100),
(322, 1, '2026-02-19', 100),
(323, 2, '2026-02-19', 100),
(324, 3, '2026-02-19', 100),
(325, 1, '2025-04-26', 56),
(326, 2, '2025-04-26', 98),
(327, 3, '2025-04-26', 95),
(328, 1, '2025-08-04', 100),
(329, 2, '2025-08-04', 99),
(330, 3, '2025-08-04', 100),
(331, 1, '2025-11-12', 100),
(332, 2, '2025-11-12', 100),
(333, 3, '2025-11-12', 100),
(334, 1, '2026-02-20', 100),
(335, 2, '2026-02-20', 100),
(336, 3, '2026-02-20', 100),
(337, 1, '2025-04-27', 69),
(338, 2, '2025-04-27', 99),
(339, 3, '2025-04-27', 95),
(340, 1, '2025-08-05', 100),
(341, 2, '2025-08-05', 99),
(342, 3, '2025-08-05', 100),
(343, 1, '2025-11-13', 100),
(344, 2, '2025-11-13', 100),
(345, 3, '2025-11-13', 100),
(346, 1, '2026-02-21', 100),
(347, 2, '2026-02-21', 100),
(348, 3, '2026-02-21', 100),
(349, 1, '2025-04-28', 71),
(350, 2, '2025-04-28', 100),
(351, 3, '2025-04-28', 95),
(352, 1, '2025-08-06', 100),
(353, 2, '2025-08-06', 99),
(354, 3, '2025-08-06', 100),
(355, 1, '2025-11-14', 100),
(356, 2, '2025-11-14', 100),
(357, 3, '2025-11-14', 100),
(358, 1, '2026-02-22', 100),
(359, 2, '2026-02-22', 100),
(360, 3, '2026-02-22', 100),
(361, 1, '2025-04-29', 72),
(362, 2, '2025-04-29', 100),
(363, 3, '2025-04-29', 95),
(364, 1, '2025-08-07', 100),
(365, 2, '2025-08-07', 99),
(366, 3, '2025-08-07', 100),
(367, 1, '2025-11-15', 100),
(368, 2, '2025-11-15', 100),
(369, 3, '2025-11-15', 100),
(370, 1, '2026-02-23', 100),
(371, 2, '2026-02-23', 100),
(372, 3, '2026-02-23', 100),
(373, 1, '2025-04-30', 72),
(374, 2, '2025-04-30', 98),
(375, 3, '2025-04-30', 97),
(376, 1, '2025-08-08', 100),
(377, 2, '2025-08-08', 100),
(378, 3, '2025-08-08', 100),
(379, 1, '2025-11-16', 100),
(380, 2, '2025-11-16', 100),
(381, 3, '2025-11-16', 100),
(382, 1, '2026-02-24', 100),
(383, 2, '2026-02-24', 100),
(384, 3, '2026-02-24', 100),
(385, 1, '2025-05-01', 70),
(386, 2, '2025-05-01', 98),
(387, 3, '2025-05-01', 96),
(388, 1, '2025-08-09', 100),
(389, 2, '2025-08-09', 100),
(390, 3, '2025-08-09', 100),
(391, 1, '2025-11-17', 100),
(392, 2, '2025-11-17', 100),
(393, 3, '2025-11-17', 100),
(394, 1, '2026-02-25', 100),
(395, 2, '2026-02-25', 100),
(396, 3, '2026-02-25', 100),
(397, 1, '2025-05-02', 71),
(398, 2, '2025-05-02', 98),
(399, 3, '2025-05-02', 95),
(400, 1, '2025-08-10', 100),
(401, 2, '2025-08-10', 100),
(402, 3, '2025-08-10', 100),
(403, 1, '2025-11-18', 100),
(404, 2, '2025-11-18', 100),
(405, 3, '2025-11-18', 100),
(406, 1, '2026-02-26', 100),
(407, 2, '2026-02-26', 100),
(408, 3, '2026-02-26', 100),
(409, 1, '2025-05-03', 74),
(410, 2, '2025-05-03', 98),
(411, 3, '2025-05-03', 96),
(412, 1, '2025-08-11', 100),
(413, 2, '2025-08-11', 100),
(414, 3, '2025-08-11', 100),
(415, 1, '2025-11-19', 100),
(416, 2, '2025-11-19', 100),
(417, 3, '2025-11-19', 100),
(418, 1, '2026-02-27', 100),
(419, 2, '2026-02-27', 100),
(420, 3, '2026-02-27', 100),
(421, 1, '2025-05-04', 76),
(422, 2, '2025-05-04', 99),
(423, 3, '2025-05-04', 96),
(424, 1, '2025-08-12', 100),
(425, 2, '2025-08-12', 100),
(426, 3, '2025-08-12', 100),
(427, 1, '2025-11-20', 100),
(428, 2, '2025-11-20', 100),
(429, 3, '2025-11-20', 100),
(430, 1, '2026-02-28', 100),
(431, 2, '2026-02-28', 100),
(432, 3, '2026-02-28', 100),
(433, 1, '2025-05-05', 76),
(434, 2, '2025-05-05', 99),
(435, 3, '2025-05-05', 96),
(436, 1, '2025-08-13', 100),
(437, 2, '2025-08-13', 100),
(438, 3, '2025-08-13', 100),
(439, 1, '2025-11-21', 100),
(440, 2, '2025-11-21', 100),
(441, 3, '2025-11-21', 100),
(442, 1, '2026-03-01', 100),
(443, 2, '2026-03-01', 100),
(444, 3, '2026-03-01', 100),
(445, 1, '2025-05-06', 77),
(446, 2, '2025-05-06', 99),
(447, 3, '2025-05-06', 96),
(448, 1, '2025-08-14', 100),
(449, 2, '2025-08-14', 100),
(450, 3, '2025-08-14', 100),
(451, 1, '2025-11-22', 100),
(452, 2, '2025-11-22', 100),
(453, 3, '2025-11-22', 100),
(454, 1, '2026-03-02', 100),
(455, 2, '2026-03-02', 100),
(456, 3, '2026-03-02', 100),
(457, 1, '2025-05-07', 77),
(458, 2, '2025-05-07', 99),
(459, 3, '2025-05-07', 97),
(460, 1, '2025-08-15', 100),
(461, 2, '2025-08-15', 100),
(462, 3, '2025-08-15', 100),
(463, 1, '2025-11-23', 100),
(464, 2, '2025-11-23', 100),
(465, 3, '2025-11-23', 100),
(466, 1, '2026-03-03', 100),
(467, 2, '2026-03-03', 100),
(468, 3, '2026-03-03', 100),
(469, 1, '2025-05-08', 77),
(470, 2, '2025-05-08', 99),
(471, 3, '2025-05-08', 97),
(472, 1, '2025-08-16', 100),
(473, 2, '2025-08-16', 100),
(474, 3, '2025-08-16', 100),
(475, 1, '2025-11-24', 100),
(476, 2, '2025-11-24', 100),
(477, 3, '2025-11-24', 100),
(478, 1, '2026-03-04', 100),
(479, 2, '2026-03-04', 100),
(480, 3, '2026-03-04', 100),
(481, 1, '2025-05-09', 77),
(482, 2, '2025-05-09', 99),
(483, 3, '2025-05-09', 97),
(484, 1, '2025-08-17', 100),
(485, 2, '2025-08-17', 100),
(486, 3, '2025-08-17', 100),
(487, 1, '2025-11-25', 100),
(488, 2, '2025-11-25', 100),
(489, 3, '2025-11-25', 100),
(490, 1, '2026-03-05', 100),
(491, 2, '2026-03-05', 100),
(492, 3, '2026-03-05', 100),
(493, 1, '2025-05-10', 77),
(494, 2, '2025-05-10', 99),
(495, 3, '2025-05-10', 97),
(496, 1, '2025-08-18', 100),
(497, 2, '2025-08-18', 100),
(498, 3, '2025-08-18', 100),
(499, 1, '2025-11-26', 100),
(500, 2, '2025-11-26', 100),
(501, 3, '2025-11-26', 100),
(502, 1, '2026-03-06', 100),
(503, 2, '2026-03-06', 100),
(504, 3, '2026-03-06', 100),
(505, 1, '2025-05-11', 98),
(506, 2, '2025-05-11', 99),
(507, 3, '2025-05-11', 97),
(508, 1, '2025-08-19', 100),
(509, 2, '2025-08-19', 100),
(510, 3, '2025-08-19', 100),
(511, 1, '2025-11-27', 100),
(512, 2, '2025-11-27', 100),
(513, 3, '2025-11-27', 100),
(514, 1, '2026-03-07', 100),
(515, 2, '2026-03-07', 100),
(516, 3, '2026-03-07', 100),
(517, 1, '2025-05-12', 98),
(518, 2, '2025-05-12', 99),
(519, 3, '2025-05-12', 97),
(520, 1, '2025-08-20', 100),
(521, 2, '2025-08-20', 100),
(522, 3, '2025-08-20', 100),
(523, 1, '2025-11-28', 100),
(524, 2, '2025-11-28', 100),
(525, 3, '2025-11-28', 100),
(526, 1, '2026-03-08', 100),
(527, 2, '2026-03-08', 100),
(528, 3, '2026-03-08', 100),
(529, 1, '2025-05-13', 98),
(530, 2, '2025-05-13', 99),
(531, 3, '2025-05-13', 97),
(532, 1, '2025-08-21', 100),
(533, 2, '2025-08-21', 100),
(534, 3, '2025-08-21', 100),
(535, 1, '2025-11-29', 100),
(536, 2, '2025-11-29', 100),
(537, 3, '2025-11-29', 100),
(538, 1, '2026-03-09', 100),
(539, 2, '2026-03-09', 100),
(540, 3, '2026-03-09', 100),
(541, 1, '2025-05-14', 98),
(542, 2, '2025-05-14', 99),
(543, 3, '2025-05-14', 97),
(544, 1, '2025-08-22', 100),
(545, 2, '2025-08-22', 100),
(546, 3, '2025-08-22', 100),
(547, 1, '2025-11-30', 100),
(548, 2, '2025-11-30', 100),
(549, 3, '2025-11-30', 100),
(550, 1, '2026-03-10', 100),
(551, 2, '2026-03-10', 100),
(552, 3, '2026-03-10', 100),
(553, 1, '2025-05-15', 98),
(554, 2, '2025-05-15', 99),
(555, 3, '2025-05-15', 97),
(556, 1, '2025-08-23', 100),
(557, 2, '2025-08-23', 100),
(558, 3, '2025-08-23', 100),
(559, 1, '2025-12-01', 100),
(560, 2, '2025-12-01', 100),
(561, 3, '2025-12-01', 100),
(562, 1, '2026-03-11', 100),
(563, 2, '2026-03-11', 100),
(564, 3, '2026-03-11', 100),
(565, 1, '2025-05-16', 97),
(566, 2, '2025-05-16', 99),
(567, 3, '2025-05-16', 97),
(568, 1, '2025-08-24', 100),
(569, 2, '2025-08-24', 100),
(570, 3, '2025-08-24', 100),
(571, 1, '2025-12-02', 100),
(572, 2, '2025-12-02', 100),
(573, 3, '2025-12-02', 100),
(574, 1, '2026-03-12', 100),
(575, 2, '2026-03-12', 100),
(576, 3, '2026-03-12', 100),
(577, 1, '2025-05-17', 97),
(578, 2, '2025-05-17', 99),
(579, 3, '2025-05-17', 97),
(580, 1, '2025-08-25', 100),
(581, 2, '2025-08-25', 100),
(582, 3, '2025-08-25', 100),
(583, 1, '2025-12-03', 100),
(584, 2, '2025-12-03', 100),
(585, 3, '2025-12-03', 100),
(586, 1, '2026-03-13', 100),
(587, 2, '2026-03-13', 100),
(588, 3, '2026-03-13', 100),
(589, 1, '2025-05-18', 97),
(590, 2, '2025-05-18', 99),
(591, 3, '2025-05-18', 97),
(592, 1, '2025-08-26', 100),
(593, 2, '2025-08-26', 100),
(594, 3, '2025-08-26', 100),
(595, 1, '2025-12-04', 100),
(596, 2, '2025-12-04', 100),
(597, 3, '2025-12-04', 100),
(598, 1, '2026-03-14', 100),
(599, 2, '2026-03-14', 100),
(600, 3, '2026-03-14', 100),
(601, 1, '2025-05-19', 97),
(602, 2, '2025-05-19', 99),
(603, 3, '2025-05-19', 97),
(604, 1, '2025-08-27', 100),
(605, 2, '2025-08-27', 100),
(606, 3, '2025-08-27', 100),
(607, 1, '2025-12-05', 100),
(608, 2, '2025-12-05', 100),
(609, 3, '2025-12-05', 100),
(610, 1, '2026-03-15', 100),
(611, 2, '2026-03-15', 100),
(612, 3, '2026-03-15', 100),
(613, 1, '2025-05-20', 97),
(614, 2, '2025-05-20', 99),
(615, 3, '2025-05-20', 97),
(616, 1, '2025-08-28', 100),
(617, 2, '2025-08-28', 100),
(618, 3, '2025-08-28', 100),
(619, 1, '2025-12-06', 100),
(620, 2, '2025-12-06', 100),
(621, 3, '2025-12-06', 100),
(622, 1, '2026-03-16', 100),
(623, 2, '2026-03-16', 100),
(624, 3, '2026-03-16', 100),
(625, 1, '2025-05-21', 97),
(626, 2, '2025-05-21', 99),
(627, 3, '2025-05-21', 98),
(628, 1, '2025-08-29', 100),
(629, 2, '2025-08-29', 100),
(630, 3, '2025-08-29', 100),
(631, 1, '2025-12-07', 100),
(632, 2, '2025-12-07', 100),
(633, 3, '2025-12-07', 100),
(634, 1, '2026-03-17', 100),
(635, 2, '2026-03-17', 100),
(636, 3, '2026-03-17', 100),
(637, 1, '2025-05-22', 97),
(638, 2, '2025-05-22', 98),
(639, 3, '2025-05-22', 98),
(640, 1, '2025-08-30', 100),
(641, 2, '2025-08-30', 100),
(642, 3, '2025-08-30', 100),
(643, 1, '2025-12-08', 100),
(644, 2, '2025-12-08', 100),
(645, 3, '2025-12-08', 100),
(646, 1, '2026-03-18', 100),
(647, 2, '2026-03-18', 100),
(648, 3, '2026-03-18', 100),
(649, 1, '2025-05-23', 98),
(650, 2, '2025-05-23', 97),
(651, 3, '2025-05-23', 98),
(652, 1, '2025-08-31', 100),
(653, 2, '2025-08-31', 100),
(654, 3, '2025-08-31', 100),
(655, 1, '2025-12-09', 100),
(656, 2, '2025-12-09', 100),
(657, 3, '2025-12-09', 100),
(658, 1, '2026-03-19', 100),
(659, 2, '2026-03-19', 100),
(660, 3, '2026-03-19', 100),
(661, 1, '2025-05-24', 98),
(662, 2, '2025-05-24', 97),
(663, 3, '2025-05-24', 98),
(664, 1, '2025-09-01', 100),
(665, 2, '2025-09-01', 100),
(666, 3, '2025-09-01', 100),
(667, 1, '2025-12-10', 100),
(668, 2, '2025-12-10', 100),
(669, 3, '2025-12-10', 100),
(670, 1, '2026-03-20', 100),
(671, 2, '2026-03-20', 100),
(672, 3, '2026-03-20', 100),
(673, 1, '2025-05-25', 98),
(674, 2, '2025-05-25', 97),
(675, 3, '2025-05-25', 98),
(676, 1, '2025-09-02', 100),
(677, 2, '2025-09-02', 100),
(678, 3, '2025-09-02', 100),
(679, 1, '2025-12-11', 100),
(680, 2, '2025-12-11', 100),
(681, 3, '2025-12-11', 100),
(682, 1, '2026-03-21', 100),
(683, 2, '2026-03-21', 100),
(684, 3, '2026-03-21', 100),
(685, 1, '2025-05-26', 98),
(686, 2, '2025-05-26', 97),
(687, 3, '2025-05-26', 98),
(688, 1, '2025-09-03', 100),
(689, 2, '2025-09-03', 100),
(690, 3, '2025-09-03', 100),
(691, 1, '2025-12-12', 100),
(692, 2, '2025-12-12', 100),
(693, 3, '2025-12-12', 100),
(694, 1, '2026-03-22', 100),
(695, 2, '2026-03-22', 100),
(696, 3, '2026-03-22', 100),
(697, 1, '2025-05-27', 98),
(698, 2, '2025-05-27', 97),
(699, 3, '2025-05-27', 98),
(700, 1, '2025-09-04', 100),
(701, 2, '2025-09-04', 100),
(702, 3, '2025-09-04', 100),
(703, 1, '2025-12-13', 100),
(704, 2, '2025-12-13', 100),
(705, 3, '2025-12-13', 100),
(706, 1, '2026-03-23', 100),
(707, 2, '2026-03-23', 100),
(708, 3, '2026-03-23', 100),
(709, 1, '2025-05-28', 98),
(710, 2, '2025-05-28', 97),
(711, 3, '2025-05-28', 98),
(712, 1, '2025-09-05', 100),
(713, 2, '2025-09-05', 100),
(714, 3, '2025-09-05', 100),
(715, 1, '2025-12-14', 100),
(716, 2, '2025-12-14', 100),
(717, 3, '2025-12-14', 100),
(718, 1, '2026-03-24', 100),
(719, 2, '2026-03-24', 100),
(720, 3, '2026-03-24', 100),
(721, 1, '2025-05-29', 98),
(722, 2, '2025-05-29', 97),
(723, 3, '2025-05-29', 98),
(724, 1, '2025-09-06', 100),
(725, 2, '2025-09-06', 100),
(726, 3, '2025-09-06', 100),
(727, 1, '2025-12-15', 100),
(728, 2, '2025-12-15', 100),
(729, 3, '2025-12-15', 100),
(730, 1, '2026-03-25', 100),
(731, 2, '2026-03-25', 100),
(732, 3, '2026-03-25', 100),
(733, 1, '2025-05-30', 98),
(734, 2, '2025-05-30', 97),
(735, 3, '2025-05-30', 98),
(736, 1, '2025-09-07', 100),
(737, 2, '2025-09-07', 100),
(738, 3, '2025-09-07', 100),
(739, 1, '2025-12-16', 100),
(740, 2, '2025-12-16', 100),
(741, 3, '2025-12-16', 100),
(742, 1, '2026-03-26', 100),
(743, 2, '2026-03-26', 100),
(744, 3, '2026-03-26', 100),
(745, 1, '2025-05-31', 98),
(746, 2, '2025-05-31', 97),
(747, 3, '2025-05-31', 99),
(748, 1, '2025-09-08', 100),
(749, 2, '2025-09-08', 100),
(750, 3, '2025-09-08', 100),
(751, 1, '2025-12-17', 100),
(752, 2, '2025-12-17', 100),
(753, 3, '2025-12-17', 100),
(754, 1, '2026-03-27', 100),
(755, 2, '2026-03-27', 100),
(756, 3, '2026-03-27', 100),
(757, 1, '2025-06-01', 98),
(758, 2, '2025-06-01', 97),
(759, 3, '2025-06-01', 99),
(760, 1, '2025-09-09', 100),
(761, 2, '2025-09-09', 100),
(762, 3, '2025-09-09', 100),
(763, 1, '2025-12-18', 100),
(764, 2, '2025-12-18', 100),
(765, 3, '2025-12-18', 100),
(766, 1, '2026-03-28', 100),
(767, 2, '2026-03-28', 100),
(768, 3, '2026-03-28', 100),
(769, 1, '2025-06-02', 98),
(770, 2, '2025-06-02', 97),
(771, 3, '2025-06-02', 99),
(772, 1, '2025-09-10', 100),
(773, 2, '2025-09-10', 100),
(774, 3, '2025-09-10', 100),
(775, 1, '2025-12-19', 100),
(776, 2, '2025-12-19', 100),
(777, 3, '2025-12-19', 100),
(778, 1, '2026-03-29', 100),
(779, 2, '2026-03-29', 100),
(780, 3, '2026-03-29', 100),
(781, 1, '2025-06-03', 98),
(782, 2, '2025-06-03', 97),
(783, 3, '2025-06-03', 99),
(784, 1, '2025-09-11', 100),
(785, 2, '2025-09-11', 100),
(786, 3, '2025-09-11', 100),
(787, 1, '2025-12-20', 100),
(788, 2, '2025-12-20', 100),
(789, 3, '2025-12-20', 100),
(790, 1, '2025-06-04', 98),
(791, 2, '2025-06-04', 97),
(792, 3, '2025-06-04', 99),
(793, 1, '2025-09-12', 100),
(794, 2, '2025-09-12', 100),
(795, 3, '2025-09-12', 100),
(796, 1, '2025-12-21', 100),
(797, 2, '2025-12-21', 100),
(798, 3, '2025-12-21', 100),
(799, 1, '2025-06-05', 99),
(800, 2, '2025-06-05', 98),
(801, 3, '2025-06-05', 99),
(802, 1, '2025-09-13', 100),
(803, 2, '2025-09-13', 100),
(804, 3, '2025-09-13', 100),
(805, 1, '2025-12-22', 100),
(806, 2, '2025-12-22', 100),
(807, 3, '2025-12-22', 100),
(808, 1, '2025-06-06', 99),
(809, 2, '2025-06-06', 98),
(810, 3, '2025-06-06', 99),
(811, 1, '2025-09-14', 100),
(812, 2, '2025-09-14', 100),
(813, 3, '2025-09-14', 100),
(814, 1, '2025-12-23', 100),
(815, 2, '2025-12-23', 100),
(816, 3, '2025-12-23', 100),
(817, 1, '2025-06-07', 99),
(818, 2, '2025-06-07', 98),
(819, 3, '2025-06-07', 99),
(820, 1, '2025-09-15', 100),
(821, 2, '2025-09-15', 100),
(822, 3, '2025-09-15', 100),
(823, 1, '2025-12-24', 100),
(824, 2, '2025-12-24', 100),
(825, 3, '2025-12-24', 100),
(826, 1, '2025-06-08', 99),
(827, 2, '2025-06-08', 98),
(828, 3, '2025-06-08', 99),
(829, 1, '2025-09-16', 100),
(830, 2, '2025-09-16', 100),
(831, 3, '2025-09-16', 100),
(832, 1, '2025-12-25', 100),
(833, 2, '2025-12-25', 100),
(834, 3, '2025-12-25', 100),
(835, 1, '2025-06-09', 99),
(836, 2, '2025-06-09', 98),
(837, 3, '2025-06-09', 99),
(838, 1, '2025-09-17', 100),
(839, 2, '2025-09-17', 100),
(840, 3, '2025-09-17', 100),
(841, 1, '2025-12-26', 100),
(842, 2, '2025-12-26', 100),
(843, 3, '2025-12-26', 100),
(844, 1, '2025-06-10', 99),
(845, 2, '2025-06-10', 98),
(846, 3, '2025-06-10', 99),
(847, 1, '2025-09-18', 100),
(848, 2, '2025-09-18', 100),
(849, 3, '2025-09-18', 100),
(850, 1, '2025-12-27', 100),
(851, 2, '2025-12-27', 100),
(852, 3, '2025-12-27', 100),
(853, 1, '2025-06-11', 99),
(854, 2, '2025-06-11', 98),
(855, 3, '2025-06-11', 99),
(856, 1, '2025-09-19', 100),
(857, 2, '2025-09-19', 100),
(858, 3, '2025-09-19', 100),
(859, 1, '2025-12-28', 100),
(860, 2, '2025-12-28', 100),
(861, 3, '2025-12-28', 100),
(862, 1, '2025-06-12', 99),
(863, 2, '2025-06-12', 98),
(864, 3, '2025-06-12', 100),
(865, 1, '2025-09-20', 100),
(866, 2, '2025-09-20', 100),
(867, 3, '2025-09-20', 100),
(868, 1, '2025-12-29', 100),
(869, 2, '2025-12-29', 100),
(870, 3, '2025-12-29', 100),
(871, 1, '2025-06-13', 99),
(872, 2, '2025-06-13', 98),
(873, 3, '2025-06-13', 100),
(874, 1, '2025-09-21', 100),
(875, 2, '2025-09-21', 100),
(876, 3, '2025-09-21', 100),
(877, 1, '2025-12-30', 100),
(878, 2, '2025-12-30', 100),
(879, 3, '2025-12-30', 100),
(880, 1, '2025-06-14', 99),
(881, 2, '2025-06-14', 98),
(882, 3, '2025-06-14', 100),
(883, 1, '2025-09-22', 100),
(884, 2, '2025-09-22', 100),
(885, 3, '2025-09-22', 100),
(886, 1, '2025-12-31', 100),
(887, 2, '2025-12-31', 100),
(888, 3, '2025-12-31', 100),
(889, 1, '2025-06-15', 99),
(890, 2, '2025-06-15', 98),
(891, 3, '2025-06-15', 100),
(892, 1, '2025-09-23', 100),
(893, 2, '2025-09-23', 100),
(894, 3, '2025-09-23', 100),
(895, 1, '2026-01-01', 100),
(896, 2, '2026-01-01', 100),
(897, 3, '2026-01-01', 100),
(898, 1, '2025-06-16', 99),
(899, 2, '2025-06-16', 98),
(900, 3, '2025-06-16', 100),
(901, 1, '2025-09-24', 100),
(902, 2, '2025-09-24', 100),
(903, 3, '2025-09-24', 100),
(904, 1, '2026-01-02', 100),
(905, 2, '2026-01-02', 100),
(906, 3, '2026-01-02', 100),
(907, 1, '2025-06-17', 99),
(908, 2, '2025-06-17', 98),
(909, 3, '2025-06-17', 100),
(910, 1, '2025-09-25', 100),
(911, 2, '2025-09-25', 100),
(912, 3, '2025-09-25', 100),
(913, 1, '2026-01-03', 100),
(914, 2, '2026-01-03', 100),
(915, 3, '2026-01-03', 100),
(916, 1, '2025-06-18', 99),
(917, 2, '2025-06-18', 98),
(918, 3, '2025-06-18', 100),
(919, 1, '2025-09-26', 100),
(920, 2, '2025-09-26', 100),
(921, 3, '2025-09-26', 100),
(922, 1, '2026-01-04', 100),
(923, 2, '2026-01-04', 100),
(924, 3, '2026-01-04', 100),
(925, 1, '2025-06-19', 99),
(926, 2, '2025-06-19', 98),
(927, 3, '2025-06-19', 100),
(928, 1, '2025-09-27', 100),
(929, 2, '2025-09-27', 100),
(930, 3, '2025-09-27', 100),
(931, 1, '2026-01-05', 100),
(932, 2, '2026-01-05', 100),
(933, 3, '2026-01-05', 100),
(934, 1, '2025-06-20', 99),
(935, 2, '2025-06-20', 98),
(936, 3, '2025-06-20', 100),
(937, 1, '2025-09-28', 100),
(938, 2, '2025-09-28', 100),
(939, 3, '2025-09-28', 100),
(940, 1, '2026-01-06', 100),
(941, 2, '2026-01-06', 100),
(942, 3, '2026-01-06', 100),
(943, 1, '2025-06-21', 99),
(944, 2, '2025-06-21', 98),
(945, 3, '2025-06-21', 100),
(946, 1, '2025-09-29', 100),
(947, 2, '2025-09-29', 100),
(948, 3, '2025-09-29', 100),
(949, 1, '2026-01-07', 100),
(950, 2, '2026-01-07', 100),
(951, 3, '2026-01-07', 100),
(952, 1, '2025-06-22', 99),
(953, 2, '2025-06-22', 98),
(954, 3, '2025-06-22', 100),
(955, 1, '2025-09-30', 100),
(956, 2, '2025-09-30', 100),
(957, 3, '2025-09-30', 100),
(958, 1, '2026-01-08', 100),
(959, 2, '2026-01-08', 100),
(960, 3, '2026-01-08', 100),
(961, 1, '2025-06-23', 99),
(962, 2, '2025-06-23', 98),
(963, 3, '2025-06-23', 100),
(964, 1, '2025-10-01', 100),
(965, 2, '2025-10-01', 100),
(966, 3, '2025-10-01', 100),
(967, 1, '2026-01-09', 100),
(968, 2, '2026-01-09', 100),
(969, 3, '2026-01-09', 100),
(970, 1, '2025-06-24', 100),
(971, 2, '2025-06-24', 98),
(972, 3, '2025-06-24', 100),
(973, 1, '2025-10-02', 100),
(974, 2, '2025-10-02', 100),
(975, 3, '2025-10-02', 100),
(976, 1, '2026-01-10', 100),
(977, 2, '2026-01-10', 100),
(978, 3, '2026-01-10', 100),
(979, 1, '2025-06-25', 100),
(980, 2, '2025-06-25', 98),
(981, 3, '2025-06-25', 100),
(982, 1, '2025-10-03', 100),
(983, 2, '2025-10-03', 100),
(984, 3, '2025-10-03', 100),
(985, 1, '2026-01-11', 100),
(986, 2, '2026-01-11', 100),
(987, 3, '2026-01-11', 100),
(988, 1, '2025-06-26', 100),
(989, 2, '2025-06-26', 98),
(990, 3, '2025-06-26', 100),
(991, 1, '2025-10-04', 100),
(992, 2, '2025-10-04', 100),
(993, 3, '2025-10-04', 100),
(994, 1, '2026-01-12', 100),
(995, 2, '2026-01-12', 100),
(996, 3, '2026-01-12', 100),
(997, 1, '2025-06-27', 100),
(998, 2, '2025-06-27', 100),
(999, 3, '2025-06-27', 100),
(1000, 1, '2025-10-05', 100),
(1001, 2, '2025-10-05', 100),
(1002, 3, '2025-10-05', 100),
(1003, 1, '2026-01-13', 100),
(1004, 2, '2026-01-13', 100),
(1005, 3, '2026-01-13', 100),
(1006, 1, '2025-06-28', 100),
(1007, 2, '2025-06-28', 100),
(1008, 3, '2025-06-28', 100),
(1009, 1, '2025-10-06', 100),
(1010, 2, '2025-10-06', 100),
(1011, 3, '2025-10-06', 100),
(1012, 1, '2026-01-14', 100),
(1013, 2, '2026-01-14', 100),
(1014, 3, '2026-01-14', 100),
(1015, 1, '2025-06-29', 100),
(1016, 2, '2025-06-29', 100),
(1017, 3, '2025-06-29', 100),
(1018, 1, '2025-10-07', 100),
(1019, 2, '2025-10-07', 100),
(1020, 3, '2025-10-07', 100),
(1021, 1, '2026-01-15', 100),
(1022, 2, '2026-01-15', 100),
(1023, 3, '2026-01-15', 100),
(1024, 1, '2025-06-30', 100),
(1025, 2, '2025-06-30', 100),
(1026, 3, '2025-06-30', 100),
(1027, 1, '2025-10-08', 100),
(1028, 2, '2025-10-08', 100),
(1029, 3, '2025-10-08', 100),
(1030, 1, '2026-01-16', 100),
(1031, 2, '2026-01-16', 100),
(1032, 3, '2026-01-16', 100),
(1033, 1, '2025-07-01', 100),
(1034, 2, '2025-07-01', 100),
(1035, 3, '2025-07-01', 100),
(1036, 1, '2025-10-09', 100),
(1037, 2, '2025-10-09', 100),
(1038, 3, '2025-10-09', 100),
(1039, 1, '2026-01-17', 100),
(1040, 2, '2026-01-17', 100),
(1041, 3, '2026-01-17', 100),
(1042, 1, '2025-07-02', 100),
(1043, 2, '2025-07-02', 100),
(1044, 3, '2025-07-02', 100),
(1045, 1, '2025-10-10', 100),
(1046, 2, '2025-10-10', 100),
(1047, 3, '2025-10-10', 100),
(1048, 1, '2026-01-18', 100),
(1049, 2, '2026-01-18', 100),
(1050, 3, '2026-01-18', 100),
(1051, 1, '2025-07-03', 100),
(1052, 2, '2025-07-03', 100),
(1053, 3, '2025-07-03', 100),
(1054, 1, '2025-10-11', 100),
(1055, 2, '2025-10-11', 100),
(1056, 3, '2025-10-11', 100),
(1057, 1, '2026-01-19', 100),
(1058, 2, '2026-01-19', 100),
(1059, 3, '2026-01-19', 100),
(1060, 1, '2025-07-04', 100),
(1061, 2, '2025-07-04', 100),
(1062, 3, '2025-07-04', 100),
(1063, 1, '2025-10-12', 100),
(1064, 2, '2025-10-12', 100),
(1065, 3, '2025-10-12', 100),
(1066, 1, '2026-01-20', 100),
(1067, 2, '2026-01-20', 100),
(1068, 3, '2026-01-20', 100),
(1069, 1, '2025-07-05', 100),
(1070, 2, '2025-07-05', 100),
(1071, 3, '2025-07-05', 100),
(1072, 1, '2025-10-13', 100),
(1073, 2, '2025-10-13', 100),
(1074, 3, '2025-10-13', 100),
(1075, 1, '2026-01-21', 100),
(1076, 2, '2026-01-21', 100),
(1077, 3, '2026-01-21', 100),
(1078, 1, '2025-07-06', 100),
(1079, 2, '2025-07-06', 100),
(1080, 3, '2025-07-06', 100),
(1081, 1, '2025-10-14', 100),
(1082, 2, '2025-10-14', 100),
(1083, 3, '2025-10-14', 100),
(1084, 1, '2026-01-22', 100),
(1085, 2, '2026-01-22', 100),
(1086, 3, '2026-01-22', 100),
(1087, 1, '2025-07-07', 100),
(1088, 2, '2025-07-07', 100),
(1089, 3, '2025-07-07', 100),
(1090, 1, '2025-10-15', 100),
(1091, 2, '2025-10-15', 100),
(1092, 3, '2025-10-15', 100),
(1093, 1, '2026-01-23', 100),
(1094, 2, '2026-01-23', 100),
(1095, 3, '2026-01-23', 100);

-- --------------------------------------------------------

--
-- Table structure for table `room_numbers`
--

CREATE TABLE `room_numbers` (
  `room_number_id` int(11) NOT NULL,
  `room_number` int(11) NOT NULL,
  `room_id` int(11) NOT NULL,
  `is_available` tinyint(1) DEFAULT 1
) ENGINE=InnoDB DEFAULT CHARSET=utf8mb4 COLLATE=utf8mb4_general_ci;

--
-- Dumping data for table `room_numbers`
--

INSERT INTO `room_numbers` (`room_number_id`, `room_number`, `room_id`, `is_available`) VALUES
(1, 101, 1, 0),
(2, 102, 1, 0),
(3, 103, 1, 0),
(4, 104, 1, 0),
(5, 105, 1, 0),
(6, 106, 1, 1),
(7, 107, 1, 1),
(8, 108, 1, 1),
(9, 109, 1, 1),
(10, 110, 1, 1),
(11, 111, 1, 1),
(12, 112, 1, 1),
(13, 113, 1, 1),
(14, 114, 1, 1),
(15, 115, 1, 1),
(16, 116, 1, 1),
(17, 117, 1, 1),
(18, 118, 1, 1),
(19, 119, 1, 1),
(20, 120, 1, 1),
(21, 121, 1, 1),
(22, 122, 1, 1),
(23, 123, 1, 1),
(24, 124, 1, 1),
(25, 125, 1, 1),
(26, 126, 1, 1),
(27, 127, 1, 1),
(28, 128, 1, 1),
(29, 129, 1, 1),
(30, 130, 1, 1),
(31, 131, 1, 1),
(32, 132, 1, 1),
(33, 133, 1, 1),
(34, 134, 1, 1),
(35, 135, 1, 1),
(36, 136, 1, 1),
(37, 137, 1, 1),
(38, 138, 1, 1),
(39, 139, 1, 1),
(40, 140, 1, 1),
(41, 141, 1, 1),
(42, 142, 1, 1),
(43, 143, 1, 1),
(44, 144, 1, 1),
(45, 145, 1, 1),
(46, 146, 1, 1),
(47, 147, 1, 1),
(48, 148, 1, 1),
(49, 149, 1, 1),
(50, 150, 1, 1),
(51, 151, 1, 1),
(52, 152, 1, 1),
(53, 153, 1, 1),
(54, 154, 1, 1),
(55, 155, 1, 1),
(56, 156, 1, 1),
(57, 157, 1, 1),
(58, 158, 1, 1),
(59, 159, 1, 1),
(60, 160, 1, 1),
(61, 161, 1, 1),
(62, 162, 1, 1),
(63, 163, 1, 1),
(64, 164, 1, 1),
(65, 165, 1, 1),
(66, 166, 1, 1),
(67, 167, 1, 1),
(68, 168, 1, 1),
(69, 169, 1, 1),
(70, 170, 1, 1),
(71, 171, 1, 1),
(72, 172, 1, 1),
(73, 173, 1, 1),
(74, 174, 1, 1),
(75, 175, 1, 1),
(76, 176, 1, 1),
(77, 177, 1, 1),
(78, 178, 1, 1),
(79, 179, 1, 1),
(80, 180, 1, 1),
(81, 181, 1, 1),
(82, 182, 1, 1),
(83, 183, 1, 1),
(84, 184, 1, 1),
(85, 185, 1, 1),
(86, 186, 1, 1),
(87, 187, 1, 1),
(88, 188, 1, 1),
(89, 189, 1, 1),
(90, 190, 1, 1),
(91, 191, 1, 1),
(92, 192, 1, 1),
(93, 193, 1, 1),
(94, 194, 1, 1),
(95, 195, 1, 1),
(96, 196, 1, 1),
(97, 197, 1, 1),
(98, 198, 1, 1),
(99, 199, 1, 1),
(100, 200, 1, 1),
(101, 201, 2, 0),
(102, 202, 2, 0),
(103, 203, 2, 0),
(104, 204, 2, 0),
(105, 205, 2, 1),
(106, 206, 2, 1),
(107, 207, 2, 1),
(108, 208, 2, 1),
(109, 209, 2, 1),
(110, 210, 2, 1),
(111, 211, 2, 1),
(112, 212, 2, 1),
(113, 213, 2, 1),
(114, 214, 2, 1),
(115, 215, 2, 1),
(116, 216, 2, 1),
(117, 217, 2, 1),
(118, 218, 2, 1),
(119, 219, 2, 1),
(120, 220, 2, 1),
(121, 221, 2, 1),
(122, 222, 2, 1),
(123, 223, 2, 1),
(124, 224, 2, 1),
(125, 225, 2, 1),
(126, 226, 2, 1),
(127, 227, 2, 1),
(128, 228, 2, 1),
(129, 229, 2, 1),
(130, 230, 2, 1),
(131, 231, 2, 1),
(132, 232, 2, 1),
(133, 233, 2, 1),
(134, 234, 2, 1),
(135, 235, 2, 1),
(136, 236, 2, 1),
(137, 237, 2, 1),
(138, 238, 2, 1),
(139, 239, 2, 1),
(140, 240, 2, 1),
(141, 241, 2, 1),
(142, 242, 2, 1),
(143, 243, 2, 1),
(144, 244, 2, 1),
(145, 245, 2, 1),
(146, 246, 2, 1),
(147, 247, 2, 1),
(148, 248, 2, 1),
(149, 249, 2, 1),
(150, 250, 2, 1),
(151, 251, 2, 1),
(152, 252, 2, 1),
(153, 253, 2, 1),
(154, 254, 2, 1),
(155, 255, 2, 1),
(156, 256, 2, 1),
(157, 257, 2, 1),
(158, 258, 2, 1),
(159, 259, 2, 1),
(160, 260, 2, 1),
(161, 261, 2, 1),
(162, 262, 2, 1),
(163, 263, 2, 1),
(164, 264, 2, 1),
(165, 265, 2, 1),
(166, 266, 2, 1),
(167, 267, 2, 1),
(168, 268, 2, 1),
(169, 269, 2, 1),
(170, 270, 2, 1),
(171, 271, 2, 1),
(172, 272, 2, 1),
(173, 273, 2, 1),
(174, 274, 2, 1),
(175, 275, 2, 1),
(176, 276, 2, 1),
(177, 277, 2, 1),
(178, 278, 2, 1),
(179, 279, 2, 1),
(180, 280, 2, 1),
(181, 281, 2, 1),
(182, 282, 2, 1),
(183, 283, 2, 1),
(184, 284, 2, 1),
(185, 285, 2, 1),
(186, 286, 2, 1),
(187, 287, 2, 1),
(188, 288, 2, 1),
(189, 289, 2, 1),
(190, 290, 2, 1),
(191, 291, 2, 1),
(192, 292, 2, 1),
(193, 293, 2, 1),
(194, 294, 2, 1),
(195, 295, 2, 1),
(196, 296, 2, 1),
(197, 297, 2, 1),
(198, 298, 2, 1),
(199, 299, 2, 1),
(200, 300, 2, 1),
(201, 301, 3, 0),
(202, 302, 3, 1),
(203, 303, 3, 1),
(204, 304, 3, 1),
(205, 305, 3, 1),
(206, 306, 3, 1),
(207, 307, 3, 1),
(208, 308, 3, 1),
(209, 309, 3, 1),
(210, 310, 3, 1),
(211, 311, 3, 1),
(212, 312, 3, 1),
(213, 313, 3, 1),
(214, 314, 3, 1),
(215, 315, 3, 1),
(216, 316, 3, 1),
(217, 317, 3, 1),
(218, 318, 3, 1),
(219, 319, 3, 1),
(220, 320, 3, 1),
(221, 321, 3, 1),
(222, 322, 3, 1),
(223, 323, 3, 1),
(224, 324, 3, 1),
(225, 325, 3, 1),
(226, 326, 3, 1),
(227, 327, 3, 1),
(228, 328, 3, 1),
(229, 329, 3, 1),
(230, 330, 3, 1),
(231, 331, 3, 1),
(232, 332, 3, 1),
(233, 333, 3, 1),
(234, 334, 3, 1),
(235, 335, 3, 1),
(236, 336, 3, 1),
(237, 337, 3, 1),
(238, 338, 3, 1),
(239, 339, 3, 1),
(240, 340, 3, 1),
(241, 341, 3, 1),
(242, 342, 3, 1),
(243, 343, 3, 1),
(244, 344, 3, 1),
(245, 345, 3, 1),
(246, 346, 3, 1),
(247, 347, 3, 1),
(248, 348, 3, 1),
(249, 349, 3, 1),
(250, 350, 3, 1),
(251, 351, 3, 1),
(252, 352, 3, 1),
(253, 353, 3, 1),
(254, 354, 3, 1),
(255, 355, 3, 1),
(256, 356, 3, 1),
(257, 357, 3, 1),
(258, 358, 3, 1),
(259, 359, 3, 1),
(260, 360, 3, 1),
(261, 361, 3, 1),
(262, 362, 3, 1),
(263, 363, 3, 1),
(264, 364, 3, 1),
(265, 365, 3, 1),
(266, 366, 3, 1),
(267, 367, 3, 1),
(268, 368, 3, 1),
(269, 369, 3, 1),
(270, 370, 3, 1),
(271, 371, 3, 1),
(272, 372, 3, 1),
(273, 373, 3, 1),
(274, 374, 3, 1),
(275, 375, 3, 1),
(276, 376, 3, 1),
(277, 377, 3, 1),
(278, 378, 3, 1),
(279, 379, 3, 1),
(280, 380, 3, 1),
(281, 381, 3, 1),
(282, 382, 3, 1),
(283, 383, 3, 1),
(284, 384, 3, 1),
(285, 385, 3, 1),
(286, 386, 3, 1),
(287, 387, 3, 1),
(288, 388, 3, 1),
(289, 389, 3, 1),
(290, 390, 3, 1),
(291, 391, 3, 1),
(292, 392, 3, 1),
(293, 393, 3, 1),
(294, 394, 3, 1),
(295, 395, 3, 1),
(296, 396, 3, 1),
(297, 397, 3, 1),
(298, 398, 3, 1),
(299, 399, 3, 1),
(300, 400, 3, 1);

-- --------------------------------------------------------

--
-- Table structure for table `signup_hotel`
--

CREATE TABLE `signup_hotel` (
  `user_id` int(12) NOT NULL,
  `first_name` varchar(100) NOT NULL,
  `last_name` varchar(100) NOT NULL,
  `hotel_email` varchar(100) NOT NULL,
  `hotel_password` varchar(100) NOT NULL,
  `is_admin` tinyint(1) DEFAULT 0
) ENGINE=InnoDB DEFAULT CHARSET=utf8mb4 COLLATE=utf8mb4_general_ci;

--
-- Dumping data for table `signup_hotel`
--

INSERT INTO `signup_hotel` (`user_id`, `first_name`, `last_name`, `hotel_email`, `hotel_password`, `is_admin`) VALUES
(3, 'Rafael', 'Magtanong', 'email@gmail.com', 'password', 0),
(4, 'noname', 'nonmae', 'n@g.cm', '11111111', 0),
(5, '11', '111', '11@g.com', '111', 0),
(6, '11', '111', '11@g.com', '111', 0),
(7, 'Rafael', 'nonmae', 'rmg@gmail.com', 'password', 0),
(8, 'Rafael', 'r', 'r@g.com', '111', 0),
(9, 'Rafael111', '1111', '111111@gmail.com', '111111', 0),
(10, '111', '1', '1@gmailc.om', '1', 0),
(11, '1', '111', '1@gmail.com', '1', 0),
(12, 'Rafae', 'Liso', 'rmgamg@gmail.com', '19208410', 0),
(13, 'admin', '', 'admin', 'password', 1),
(14, 'Jayson', 'Maneri', 'jaysonmaneri08@gmail.com', '123', 0),
(15, 'r', 'a', 'em@gmi.com', '111111', 0),
(16, 'test', 'test', 'test@gmail.com', 'test', 0),
(17, 'rrrrr', 'aaaaaa', 'em@em.com', 'eee', 0),
(18, 'Rrr', 'eeee', 'eee@gmail.com', 'eeeeeeeeeeeeEEEEEEEE1111!@#', 0);

--
-- Indexes for dumped tables
--

--
-- Indexes for table `archived_bookings`
--
ALTER TABLE `archived_bookings`
  ADD PRIMARY KEY (`archived_booking_id`);

--
-- Indexes for table `booked_room_numbers`
--
ALTER TABLE `booked_room_numbers`
  ADD PRIMARY KEY (`booked_room_number_id`),
  ADD KEY `booking_id` (`booking_id`),
  ADD KEY `room_number_id` (`room_number_id`);

--
-- Indexes for table `bookings`
--
ALTER TABLE `bookings`
  ADD PRIMARY KEY (`booking_id`),
  ADD KEY `user_id` (`user_id`),
  ADD KEY `room_id` (`room_id`),
  ADD KEY `fk_room_number` (`room_number_id`);

--
-- Indexes for table `extra_services`
--
ALTER TABLE `extra_services`
  ADD PRIMARY KEY (`id`);

--
-- Indexes for table `rooms`
--
ALTER TABLE `rooms`
  ADD PRIMARY KEY (`room_id`);

--
-- Indexes for table `room_availability`
--
ALTER TABLE `room_availability`
  ADD PRIMARY KEY (`id`),
  ADD KEY `room_id` (`room_id`);

--
-- Indexes for table `room_numbers`
--
ALTER TABLE `room_numbers`
  ADD PRIMARY KEY (`room_number_id`),
  ADD UNIQUE KEY `room_number` (`room_number`),
  ADD KEY `room_id` (`room_id`);

--
-- Indexes for table `signup_hotel`
--
ALTER TABLE `signup_hotel`
  ADD PRIMARY KEY (`user_id`);

--
-- AUTO_INCREMENT for dumped tables
--

--
-- AUTO_INCREMENT for table `archived_bookings`
--
ALTER TABLE `archived_bookings`
  MODIFY `archived_booking_id` int(11) NOT NULL AUTO_INCREMENT, AUTO_INCREMENT=69;

--
-- AUTO_INCREMENT for table `booked_room_numbers`
--
ALTER TABLE `booked_room_numbers`
  MODIFY `booked_room_number_id` int(11) NOT NULL AUTO_INCREMENT;

--
-- AUTO_INCREMENT for table `bookings`
--
ALTER TABLE `bookings`
  MODIFY `booking_id` int(11) NOT NULL AUTO_INCREMENT, AUTO_INCREMENT=63;

--
-- AUTO_INCREMENT for table `extra_services`
--
ALTER TABLE `extra_services`
  MODIFY `id` int(11) NOT NULL AUTO_INCREMENT, AUTO_INCREMENT=4;

--
-- AUTO_INCREMENT for table `rooms`
--
ALTER TABLE `rooms`
  MODIFY `room_id` int(11) NOT NULL AUTO_INCREMENT, AUTO_INCREMENT=11;

--
-- AUTO_INCREMENT for table `room_availability`
--
ALTER TABLE `room_availability`
  MODIFY `id` int(11) NOT NULL AUTO_INCREMENT, AUTO_INCREMENT=1096;

--
-- AUTO_INCREMENT for table `room_numbers`
--
ALTER TABLE `room_numbers`
  MODIFY `room_number_id` int(11) NOT NULL AUTO_INCREMENT, AUTO_INCREMENT=301;

--
-- AUTO_INCREMENT for table `signup_hotel`
--
ALTER TABLE `signup_hotel`
  MODIFY `user_id` int(12) NOT NULL AUTO_INCREMENT, AUTO_INCREMENT=19;

--
-- Constraints for dumped tables
--

--
-- Constraints for table `booked_room_numbers`
--
ALTER TABLE `booked_room_numbers`
  ADD CONSTRAINT `booked_room_numbers_ibfk_1` FOREIGN KEY (`booking_id`) REFERENCES `bookings` (`booking_id`) ON DELETE CASCADE,
  ADD CONSTRAINT `booked_room_numbers_ibfk_2` FOREIGN KEY (`room_number_id`) REFERENCES `room_numbers` (`room_number_id`) ON DELETE CASCADE;

--
-- Constraints for table `bookings`
--
ALTER TABLE `bookings`
  ADD CONSTRAINT `bookings_ibfk_1` FOREIGN KEY (`user_id`) REFERENCES `signup_hotel` (`user_id`) ON DELETE CASCADE,
  ADD CONSTRAINT `bookings_ibfk_2` FOREIGN KEY (`room_id`) REFERENCES `rooms` (`room_id`) ON DELETE CASCADE,
  ADD CONSTRAINT `fk_room_number` FOREIGN KEY (`room_number_id`) REFERENCES `room_numbers` (`room_number_id`) ON DELETE SET NULL;

--
-- Constraints for table `room_availability`
--
ALTER TABLE `room_availability`
  ADD CONSTRAINT `room_availability_ibfk_1` FOREIGN KEY (`room_id`) REFERENCES `rooms` (`room_id`);

--
-- Constraints for table `room_numbers`
--
ALTER TABLE `room_numbers`
  ADD CONSTRAINT `room_numbers_ibfk_1` FOREIGN KEY (`room_id`) REFERENCES `rooms` (`room_id`);
COMMIT;

/*!40101 SET CHARACTER_SET_CLIENT=@OLD_CHARACTER_SET_CLIENT */;
/*!40101 SET CHARACTER_SET_RESULTS=@OLD_CHARACTER_SET_RESULTS */;
/*!40101 SET COLLATION_CONNECTION=@OLD_COLLATION_CONNECTION */;
